imageId,imageUrl,groundTruthLabel,attributes
MCT_301,https://storage.googleapis.com/flyreel-media-2020/670d4e0d14b78ced7a6dc7d5/69e231bee903a6e4d1e58472/f59d893d-8863-4e42-a91e-2a4cf078216c.jpg?GoogleAccessId=firebase-adminsdk-5k7lv%40flyreel-infrastructure.iam.gserviceaccount.com&Expires=2092089600&Signature=D7FdN0H2kD7Epu%2BMpKEVZcrQA2rv5GzaErEIuZvAcWxK2RLVYQScAzdKYVgKnhnY37wtAfwVkOZKcBgi3vLtGf74UZVqKEh7sBeLoKTKrZXtgktjrwW5Fn4%2Fik9MJpOBMwJNXG6y5HCZmiOVXxHDh5QiyLis5h1qOi0pDzTChUjlAm4BpJhrLcxfYVQYG1arEhcrHOBKFwAXz3c4aVQGV1pp2R2wJ9YiJ67UK%2FjhmNCkdHB%2BqxqQl9s8eWgPnry%2Bo8s7DKmnk6G4Cj7XrMtiRdGZNEt%2BJUAC2FxaXq1Jm7rpLWN9YMM0Y29fE3jFzwT%2BhYZXYucE5z%2BOT2DQkvEO%2BQ%3D%3D,,
MCT_302,https://storage.googleapis.com/flyreel-media-2020/670d4e0d14b78ced7a6dc7d5/69d70a4304852dce1c3c90e2/1bca40a2-b974-475a-a828-c8d3ebe539ab.jpg?GoogleAccessId=firebase-adminsdk-5k7lv%40flyreel-infrastructure.iam.gserviceaccount.com&Expires=2092089600&Signature=LZYc4A6fE3VJ5MzRRk7dom49g8gkj2frlCBNJz6F2QA4xPiDs2LTTx0XkmnBK1qdE9Cy601re2ujZMSx6O0MI3qj%2FpUnp6UbQ2Svh%2BBi1YTKdM91WL7clQYKvm1QENf3ofcIvZf3Cvpne55PP4oEdcs4H4LDVwB%2B%2B4owpIfd62IQeTPp44DL8AiGplZroIzYTs918O3Ch5yeChpB5iziCuEOHQm1aDM0YmsqhTWQVoA%2ByD2Ut3u3pC2AN0Ail3D0chZwH2cxNBWUmWSU%2FGlwam9p05uOBbdnybegjrZfvKLS%2F12u5OH73u6A6MzvnhQxqPww7qSdNhcD%2Bru0ZxDQcg%3D%3D,,
MCT_303,https://firebasestorage.googleapis.com/v0/b/flyreel-media-2020/o/670d4e0d14b78ced7a6dc7d5%2F69d85bace903a6e4d101e0d1%2F3416d901-974d-4976-aca8-987b0481f171.jpg?alt=media&token=d478de5e-2401-46ff-b8f9-3670afc60d96,,
MCT_304,https://firebasestorage.googleapis.com/v0/b/flyreel-media-2020/o/670d4e0d14b78ced7a6dc7d5%2F6969abd0d0b3b07f7665c309%2Fae2c1f7f-98f6-42a2-b9b6-1d1cf5912d62.jpg?alt=media&token=7eb65eec-ceaf-4fe8-bd07-9ca2b394d47e,,
MCT_305,https://firebasestorage.googleapis.com/v0/b/flyreel-media-2020/o/670d4e0d14b78ced7a6dc7d5%2F695887307c1a09a3cc459689%2F4c967223-f40a-41b0-8fef-30b17fa556dd.jpg?alt=media&token=f5210615-649f-4a1d-95f2-c9dd0c1fb667,,
MCT_306,https://firebasestorage.googleapis.com/v0/b/flyreel-media-2020/o/670d4e0d14b78ced7a6dc7d5%2F699fb81d9524608596a6d0d2%2F3faf5bbf-8a65-48c2-9cf0-0a047f711f81.jpg?alt=media&token=e22618b6-e476-4796-9ddb-e12a8f60f466,,
MCT_307,https://firebasestorage.googleapis.com/v0/b/flyreel-media-2020/o/670d4e0d14b78ced7a6dc7d5%2F696afda1d0b3b07f7669cb4a%2Fde77b7f9-b4b8-4d4d-9008-f6200687ac6b.jpg?alt=media&token=6f30ebb1-c586-4362-84c6-d793ef9a5031,,
MCT_308,https://firebasestorage.googleapis.com/v0/b/flyreel-media-2020/o/670d4e0d14b78ced7a6dc7d5%2F699e66268ad75cf827ac62a7%2Fb28a1bf7-275b-4a96-9241-2b8aae085345.jpg?alt=media&token=4aaeaa83-101f-4621-a4d4-0f52904e27f5,,
MCT_309,https://firebasestorage.googleapis.com/v0/b/flyreel-media-2020/o/670d4e0d14b78ced7a6dc7d5%2F699d168114fa7d03bb055e35%2F88d86224-bc1f-4e1d-b0da-54d47d761f66.jpg?alt=media&token=387cabe3-5e6d-4bf4-8260-fbaf1fb432b3,,
MCT_310,https://firebasestorage.googleapis.com/v0/b/flyreel-media-2020/o/670d4e0d14b78ced7a6dc7d5%2F6997cfa91d8b59bb580797ca%2F9d40920e-8979-4046-8e32-647645587dd6.jpg?alt=media&token=f4f33364-6a9a-418b-90ad-72c0147541ec,,
MCT_311,https://firebasestorage.googleapis.com/v0/b/flyreel-media-2020/o/670d4e0d14b78ced7a6dc7d5%2F69971658afb4bb4b6205d51e%2Fbd940cbe-ad21-41a9-8540-484d8476925b.jpg?alt=media&token=d538820b-0d0e-4847-9fcd-1296f059ba14,,
MCT_312,https://firebasestorage.googleapis.com/v0/b/flyreel-media-2020/o/670d4e0d14b78ced7a6dc7d5%2F6997cec61d8b59bb580796e2%2F68e6adc2-0fdc-4933-bc2c-f8596cb911d0.jpg?alt=media&token=313537f5-2e7a-4621-acff-32d690da0edc,,
MCT_313,https://firebasestorage.googleapis.com/v0/b/flyreel-media-2020/o/670d4e0d14b78ced7a6dc7d5%2F6997cec61d8b59bb580796e2%2F669e5fc7-4501-4b83-8991-cb61089b9943.jpg?alt=media&token=589d3462-208e-44ec-915f-fbd72bc0fcc3,,
MCT_314,https://firebasestorage.googleapis.com/v0/b/flyreel-media-2020/o/670d4e0d14b78ced7a6dc7d5%2F699fb94514fa7d03bb23ec21%2F45cd7a32-d79c-44bb-96d2-7ee17f71b069.jpg?alt=media&token=48d91808-b0cd-4a05-af4f-c008955a87e3,,
MCT_315,https://firebasestorage.googleapis.com/v0/b/flyreel-media-2020/o/670d4e0d14b78ced7a6dc7d5%2F69971761afb4bb4b6205d708%2F29f5f07b-6ecc-4f17-8519-643ae8de3190.jpg?alt=media&token=3aa13fad-c40b-4147-95f9-a81dc84977ff,,
MCT_316,https://firebasestorage.googleapis.com/v0/b/flyreel-media-2020/o/670d4e0d14b78ced7a6dc7d5%2F6997cfd394ea27f8297e3830%2F6205d96f-d2c9-42bf-8938-776e6b26f1d2.jpg?alt=media&token=b09a58de-2940-496d-805b-969b793a3213,,
MCT_317,https://firebasestorage.googleapis.com/v0/b/flyreel-media-2020/o/670d4e0d14b78ced7a6dc7d5%2F69952e371180617b9bb49f93%2F5b4f228c-933e-4b6e-8e10-614145c0b6c2.jpg?alt=media&token=fd02512e-9f27-47bc-9af3-d5e9b7b09677,,
MCT_318,https://firebasestorage.googleapis.com/v0/b/flyreel-media-2020/o/670d4e0d14b78ced7a6dc7d5%2F6999207794ea27f82982e032%2F9ee872bd-3676-482e-95d3-c01b33940b9f.jpg?alt=media&token=df55f4e9-b570-4733-83b2-ad8fdf3e9677,,
MCT_319,https://firebasestorage.googleapis.com/v0/b/flyreel-media-2020/o/670d4e0d14b78ced7a6dc7d5%2F698d44cfafb4bb4b62c45e15%2F715089e3-990f-4996-bff5-162943451370.jpg?alt=media&token=9e38af97-bf6d-4ce5-a617-4cc0e0e2237c,,
MCT_320,https://firebasestorage.googleapis.com/v0/b/flyreel-media-2020/o/670d4e0d14b78ced7a6dc7d5%2F69913807afb4bb4b62e1ed9b%2Fb1a25046-c538-4c65-82bb-ccfc628b1075.jpg?alt=media&token=9aedd493-7af8-4e49-ad96-5e117885e783,,
MCT_321,https://firebasestorage.googleapis.com/v0/b/flyreel-media-2020/o/670d4e0d14b78ced7a6dc7d5%2F6986aca6da1872b943aef5ba%2F7983a80e-aa97-423b-ba5f-7cd69d58d43e.jpg?alt=media&token=656c8976-9337-4ac1-84c3-2e7f987122a0,,
MCT_322,https://firebasestorage.googleapis.com/v0/b/flyreel-media-2020/o/670d4e0d14b78ced7a6dc7d5%2F698a9f360be0118d0ce07f76%2F1f481edf-9e29-404c-b281-430a15d017a7.jpg?alt=media&token=5f7c9b61-a5dd-4a59-85db-a6762991a001,,
MCT_323,https://firebasestorage.googleapis.com/v0/b/flyreel-media-2020/o/670d4e0d14b78ced7a6dc7d5%2F698167bd2ca1dd18fa7a3a90%2F88f2962c-9d84-4217-acec-359e5423bba1.jpg?alt=media&token=de632b1a-2866-47cd-900b-d19429506b21,,
MCT_324,https://firebasestorage.googleapis.com/v0/b/flyreel-media-2020/o/670d4e0d14b78ced7a6dc7d5%2F693790b6255a35fda0116cb6%2F1363911e-2e50-42f4-ab3f-c86c679e57bb.jpg?alt=media&token=d713ef99-802c-4849-82b3-6510e77d86cb,,
MCT_325,https://firebasestorage.googleapis.com/v0/b/flyreel-media-2020/o/670d4e0d14b78ced7a6dc7d5%2F69797dee04fe3a6b99707e6c%2Fb187f46e-786a-4ff7-adf7-1facd0ebf947.jpg?alt=media&token=ac4f6745-6520-473d-b26c-bddd7ac4959a,,
MCT_326,https://firebasestorage.googleapis.com/v0/b/flyreel-media-2020/o/670d4e0d14b78ced7a6dc7d5%2F694a08b87c1a09a3ccf6e3d8%2F22855152-6795-481a-b43e-9db6dca331cd.jpg?alt=media&token=6261823a-5608-4402-b00a-39a0bd906ee4,,
MCT_327,https://firebasestorage.googleapis.com/v0/b/flyreel-media-2020/o/670d4e0d14b78ced7a6dc7d5%2F697041a304fe3a6b9932b6d6%2Fad6841e4-66d3-4500-bb50-442d07ec87f0.jpg?alt=media&token=3724a291-cde3-4cf4-a44e-6b5bfc323699,,
MCT_328,https://firebasestorage.googleapis.com/v0/b/flyreel-media-2020/o/670d4e0d14b78ced7a6dc7d5%2F697041a304fe3a6b9932b6d6%2Fcf7e1346-48d6-40b1-896f-7fa7e3202863.jpg?alt=media&token=26eaffe2-4cb8-4134-a9d0-928a72cd72d7,,
MCT_329,https://firebasestorage.googleapis.com/v0/b/flyreel-media-2020/o/670d4e0d14b78ced7a6dc7d5%2F69719a57d0b3b07f76846ab6%2F7e34f254-a058-4356-aa1c-774f1b00b593.jpg?alt=media&token=d9b1cb23-36fa-486b-9a39-300ca2cc2e09,,
MCT_330,https://firebasestorage.googleapis.com/v0/b/flyreel-media-2020/o/670d4e0d14b78ced7a6dc7d5%2F6971998604fe3a6b993fdfb6%2F99286497-80bc-4408-a12b-2dd3c5ea173e.jpg?alt=media&token=cfdb58d3-2bc5-4467-b6ad-96118fdd46c8,,
MCT_331,https://firebasestorage.googleapis.com/v0/b/flyreel-media-2020/o/670d4e0d14b78ced7a6dc7d5%2F6971955d04fe3a6b993fdba8%2F6ffd9ea8-f8dc-48e1-a367-eb4e8b7ae9fd.jpg?alt=media&token=11e127e4-c275-438f-8444-aa540d039b6a,,
MCT_332,https://firebasestorage.googleapis.com/v0/b/flyreel-media-2020/o/670d4e0d14b78ced7a6dc7d5%2F6976d94e04fe3a6b995eb9c2%2Fa101d299-2fa8-4362-902f-7fdd9abbd689.jpg?alt=media&token=c345f8f3-1a3f-4454-8c52-e10e78633f40,,
MCT_333,https://firebasestorage.googleapis.com/v0/b/flyreel-media-2020/o/670d4e0d14b78ced7a6dc7d5%2F697193add0b3b07f768464d9%2F580460e7-92cc-4db1-8407-1b3886e2a6dc.jpg?alt=media&token=a1988ac4-c0bc-4ea2-9149-c1c47a649541,,
MCT_334,https://firebasestorage.googleapis.com/v0/b/flyreel-media-2020/o/670d4e0d14b78ced7a6dc7d5%2F69719b54d0b3b07f76846b70%2F2cf418b4-0a7c-4c60-b044-0a66ac7c817e.jpg?alt=media&token=e9d40914-98cc-4f0b-aac4-8fdee7b3a9ad,,
MCT_335,https://firebasestorage.googleapis.com/v0/b/flyreel-media-2020/o/670d4e0d14b78ced7a6dc7d5%2F696ef27b04fe3a6b992e3e0e%2F17de9cf9-b359-472f-8c4b-7c131eab551f.jpg?alt=media&token=0c32d40b-522c-4a5b-96ee-7c5a714099ce,,
MCT_336,https://firebasestorage.googleapis.com/v0/b/flyreel-media-2020/o/670d4e0d14b78ced7a6dc7d5%2F693b86f8255a35fda02ebfb7%2F2a268182-436f-4edd-bdef-8784607b751e.jpg?alt=media&token=fa98eab6-ecb5-4147-a281-de4b897aff24,,
MCT_337,https://firebasestorage.googleapis.com/v0/b/flyreel-media-2020/o/670d4e0d14b78ced7a6dc7d5%2F696da001d0b3b07f766f8ed7%2Ffd039ac8-0cab-4220-b334-0422370b4591.jpg?alt=media&token=bfa27146-afcf-43df-8bc7-8705962045d6,,
MCT_338,https://firebasestorage.googleapis.com/v0/b/flyreel-media-2020/o/670d4e0d14b78ced7a6dc7d5%2F696c4dc7d0b3b07f766cba1e%2F3e266651-96e4-42ba-9bee-2da0c46646b5.jpg?alt=media&token=21c31f04-a9b0-47d0-81b3-43d34e09449f,,
MCT_339,https://firebasestorage.googleapis.com/v0/b/flyreel-media-2020/o/670d4e0d14b78ced7a6dc7d5%2F6971993b04fe3a6b993fdf66%2Fc1b6a35c-8ab4-48e0-a550-2fe04efc9972.jpg?alt=media&token=03bceb21-629a-4f81-9a49-fb5e11b35569,,
MCT_340,https://firebasestorage.googleapis.com/v0/b/flyreel-media-2020/o/670d4e0d14b78ced7a6dc7d5%2F69704530d0b3b07f7680316f%2F1509ca56-12ad-41c1-946d-ede7c0526582.jpg?alt=media&token=7efe8b59-63ed-4e25-8567-6a022b057528,,
MCT_341,https://firebasestorage.googleapis.com/v0/b/flyreel-media-2020/o/670d4e0d14b78ced7a6dc7d5%2F69719b7804fe3a6b993fe159%2F48be677a-670f-4d1a-9f3d-cd69f8a38eba.jpg?alt=media&token=6f125c78-9f60-4b05-90bd-eba3d26bb8a1,,
MCT_342,https://firebasestorage.googleapis.com/v0/b/flyreel-media-2020/o/670d4e0d14b78ced7a6dc7d5%2F696c4fb2d0b3b07f766cbc1d%2Fecb2f297-c2a4-404a-b235-a451d146fa14.jpg?alt=media&token=5819d6cf-9bec-4ff4-94be-b1d274147b51,,
MCT_343,https://firebasestorage.googleapis.com/v0/b/flyreel-media-2020/o/670d4e0d14b78ced7a6dc7d5%2F6969aa30d0b3b07f7665c03a%2Fdced356b-30bb-4443-8f9d-698763474c09.jpg?alt=media&token=9575dbbe-1725-4f5a-9d56-f75c181f27d5,,
MCT_344,https://firebasestorage.googleapis.com/v0/b/flyreel-media-2020/o/670d4e0d14b78ced7a6dc7d5%2F6969a9b704fe3a6b99fdd8a3%2F3996a17a-ba63-4cf2-bbe7-76402fa841f5.jpg?alt=media&token=3232a5bf-4f2c-4e89-af84-1f1ad2e5786d,,
MCT_345,https://firebasestorage.googleapis.com/v0/b/flyreel-media-2020/o/670d4e0d14b78ced7a6dc7d5%2F69719691d0b3b07f768467a8%2F8c784fe6-186f-467b-a526-055fc49f71f2.jpg?alt=media&token=f25f61dd-665a-4af7-b0ff-252894a20e6d,,
MCT_346,https://firebasestorage.googleapis.com/v0/b/flyreel-media-2020/o/670d4e0d14b78ced7a6dc7d5%2F6972e678d0b3b07f76914427%2Fa1bdb88b-2acf-429c-b1ec-35f64fe58fbf.jpg?alt=media&token=47f711cf-015a-46bb-83f7-a9b66317248f,,
MCT_347,https://firebasestorage.googleapis.com/v0/b/flyreel-media-2020/o/670d4e0d14b78ced7a6dc7d5%2F696d9fd904fe3a6b99223387%2Fa0f4dd6c-95e6-4a9b-914f-f5c52e866a6c.jpg?alt=media&token=ee0290ee-f017-4f2c-94fb-f6780e3b58f1,,
MCT_348,https://firebasestorage.googleapis.com/v0/b/flyreel-media-2020/o/670d4e0d14b78ced7a6dc7d5%2F697193fed0b3b07f76846553%2Facd3f02d-1fcb-42d9-a168-2173541e24d7.jpg?alt=media&token=872840c0-1757-468e-be2f-5149ac80589b,,
MCT_349,https://firebasestorage.googleapis.com/v0/b/flyreel-media-2020/o/670d4e0d14b78ced7a6dc7d5%2F696afb92d0b3b07f7669c96b%2Fbc5ef340-c377-4bfe-b0e7-809bbfeab186.jpg?alt=media&token=874c5cde-b5ac-45a3-9d04-95c5c1d5b484,,
MCT_350,https://firebasestorage.googleapis.com/v0/b/flyreel-media-2020/o/670d4e0d14b78ced7a6dc7d5%2F693e2cc87c1a09a3ccab4fd2%2Ff51aa421-ba1e-4a73-acea-18f69df008d3.jpg?alt=media&token=3cd2d9f6-c8fc-4d4f-95d6-bf849b4513f2,,
MCT_351,https://firebasestorage.googleapis.com/v0/b/flyreel-media-2020/o/670d4e0d14b78ced7a6dc7d5%2F6967077e5e4f625629642da1%2Fbc111e29-1624-4ed5-8e2d-a8190a8dfffe.jpg?alt=media&token=b887c920-c906-4cd8-8597-db794dbeb293,,
MCT_352,https://firebasestorage.googleapis.com/v0/b/flyreel-media-2020/o/670d4e0d14b78ced7a6dc7d5%2F6968598204fe3a6b99fa0b1b%2Fb4442225-4806-4a2a-a7bc-c4802b447e8f.jpg?alt=media&token=a95da489-ff0b-4bdb-ac66-24c9ac5cae38,,
MCT_353,https://firebasestorage.googleapis.com/v0/b/flyreel-media-2020/o/670d4e0d14b78ced7a6dc7d5%2F6972e493d0b3b07f769142f8%2F74d368c8-89b0-41d0-bef0-809d2ffc5658.jpg?alt=media&token=ecae3911-bd42-4865-a4ae-4944e6471ca5,,
MCT_354,https://firebasestorage.googleapis.com/v0/b/flyreel-media-2020/o/670d4e0d14b78ced7a6dc7d5%2F6972e493d0b3b07f769142f8%2F05d9aff6-085f-4096-9b71-e4a9f1f49f96.jpg?alt=media&token=075887f3-b5fd-4397-ab04-e4996975c0f2,,
MCT_355,https://firebasestorage.googleapis.com/v0/b/flyreel-media-2020/o/670d4e0d14b78ced7a6dc7d5%2F692d056d45f187e4c8f5da87%2F5d37cf9e-b42e-4b87-b455-ccd75cf2f236.jpg?alt=media&token=5012bf13-2627-42d0-b740-9a4f005d336a,,
MCT_356,https://firebasestorage.googleapis.com/v0/b/flyreel-media-2020/o/670d4e0d14b78ced7a6dc7d5%2F6972e6c504fe3a6b9943d46b%2F8fed75cc-d107-4538-b0bd-869a74de928e.jpg?alt=media&token=ea4c7295-b148-400b-ab5f-343b09378381,,
MCT_357,https://firebasestorage.googleapis.com/v0/b/flyreel-media-2020/o/670d4e0d14b78ced7a6dc7d5%2F696afc3204fe3a6b990ab64c%2Fc2a2b826-e096-4d1f-9e1b-cd10a61c609e.jpg?alt=media&token=72c3016b-632f-401f-9713-da28da88acc7,,
MCT_358,https://firebasestorage.googleapis.com/v0/b/flyreel-media-2020/o/670d4e0d14b78ced7a6dc7d5%2F6971996104fe3a6b993fdf86%2F31e792c7-b6c1-4cd3-abb2-45cc3365e5d9.jpg?alt=media&token=b17b56a7-78fb-415b-a168-82c0a3e96dcb,,
MCT_359,https://firebasestorage.googleapis.com/v0/b/flyreel-media-2020/o/670d4e0d14b78ced7a6dc7d5%2F697043bfd0b3b07f76802f5d%2F77ae7c8a-e181-45b0-95c4-a66ad46700b8.jpg?alt=media&token=fe178f55-9275-4530-a6ac-1dd90700e3d8,,
MCT_360,https://firebasestorage.googleapis.com/v0/b/flyreel-media-2020/o/670d4e0d14b78ced7a6dc7d5%2F696707117c1a09a3cc9996a1%2F50389398-ca55-4b0d-a999-06e664893a14.jpg?alt=media&token=80d302be-2d64-4933-b998-5e2851c63725,,
MCT_361,https://firebasestorage.googleapis.com/v0/b/flyreel-media-2020/o/670d4e0d14b78ced7a6dc7d5%2F6965b6415e4f6256295feea6%2F76aa2a33-83ca-4932-976c-a4dd99dc1024.jpg?alt=media&token=d11db006-36c8-495c-9351-68db381a4d6a,,
MCT_362,https://firebasestorage.googleapis.com/v0/b/flyreel-media-2020/o/670d4e0d14b78ced7a6dc7d5%2F696859f704fe3a6b99fa0bbe%2Faa45f21d-bc5c-47f6-97a0-ac2c0d09e57a.jpg?alt=media&token=7be62643-b4dc-4279-85e1-bde12c2a31f0,,
MCT_363,https://firebasestorage.googleapis.com/v0/b/flyreel-media-2020/o/670d4e0d14b78ced7a6dc7d5%2F694b5bdf7c1a09a3ccfb0eac%2Fac9da0a2-7993-4576-b3f6-950a49d4bd50.jpg?alt=media&token=70fb50e1-f4e0-479a-bd58-ade7eae570b8,,
MCT_364,https://firebasestorage.googleapis.com/v0/b/flyreel-media-2020/o/670d4e0d14b78ced7a6dc7d5%2F696073285e4f625629400d8f%2F1f4bbdbc-daf0-4c3e-81ab-3c634e511ad4.jpg?alt=media&token=d62c79cf-15a2-4908-b12b-fea2939396e4,,
MCT_365,https://firebasestorage.googleapis.com/v0/b/flyreel-media-2020/o/670d4e0d14b78ced7a6dc7d5%2F6969aada04fe3a6b99fdda0d%2F38ed1a12-171c-4a8c-95ef-02accfd0df77.jpg?alt=media&token=5c3cb712-d79b-42e2-87cf-5092fa2b3fd1,,
MCT_366,https://firebasestorage.googleapis.com/v0/b/flyreel-media-2020/o/670d4e0d14b78ced7a6dc7d5%2F695dd05d7c1a09a3cc5c07bb%2F7bb427ff-1816-4b99-a7d5-2de6ca739991.jpg?alt=media&token=4ec5e510-54ae-4f0f-a10c-8f691b5f0dfb,,
MCT_367,https://firebasestorage.googleapis.com/v0/b/flyreel-media-2020/o/670d4e0d14b78ced7a6dc7d5%2F695fad645e4f6256293ca36d%2F7cfb53d2-c45e-4c99-84a5-3de18a00924c.jpg?alt=media&token=6535eb2b-d029-4f08-aafd-08b2d4d6b257,,
MCT_368,https://firebasestorage.googleapis.com/v0/b/flyreel-media-2020/o/670d4e0d14b78ced7a6dc7d5%2F695dcfeb5e4f6256292f9c97%2Fd01d9f8f-7f5c-4d4c-bd44-f2ee7d3526a5.jpg?alt=media&token=26c10ea3-1d18-45d4-b723-1f66ef3bdd57,,
MCT_369,https://firebasestorage.googleapis.com/v0/b/flyreel-media-2020/o/670d4e0d14b78ced7a6dc7d5%2F6965b7dd7c1a09a3cc8c8eb0%2F9764eac9-ff8e-4212-87ea-c467d78a2da3.jpg?alt=media&token=db4bc732-8046-431b-a278-c43b02c82672,,
MCT_370,https://firebasestorage.googleapis.com/v0/b/flyreel-media-2020/o/670d4e0d14b78ced7a6dc7d5%2F6959d8eb5e4f62562912eeea%2Fcbf0b36d-d534-4027-a245-576b7255b44f.jpg?alt=media&token=5ef84fa4-09e8-4fa8-9b66-37e243440ca1,,
MCT_371,https://firebasestorage.googleapis.com/v0/b/flyreel-media-2020/o/670d4e0d14b78ced7a6dc7d5%2F695b2aeb5e4f6256291e2633%2F512837bf-7791-4884-9737-189bb5ba4e4c.jpg?alt=media&token=8de11836-20f1-44c6-ac3b-8691fb740adf,,
MCT_372,https://firebasestorage.googleapis.com/v0/b/flyreel-media-2020/o/670d4e0d14b78ced7a6dc7d5%2F695887727c1a09a3cc4596d1%2Ffc2059db-4686-43ef-961a-0a8122f022d9.jpg?alt=media&token=3021d3f2-db31-43e8-a482-475542d1482e,,
MCT_373,https://firebasestorage.googleapis.com/v0/b/flyreel-media-2020/o/670d4e0d14b78ced7a6dc7d5%2F695facdb7c1a09a3cc6905b1%2F10dcc901-d95d-40ed-8c88-9bd2c07a9bc0.jpg?alt=media&token=c2c423a7-3727-4554-b63f-da9a3e405084,,
MCT_374,https://firebasestorage.googleapis.com/v0/b/flyreel-media-2020/o/670d4e0d14b78ced7a6dc7d5%2F695887727c1a09a3cc4596d1%2F7de02ba3-c9ea-4908-9ca1-1dec8b98a10b.jpg?alt=media&token=10b8ed47-8d3a-439b-ad15-1067aa6fa830,,
MCT_375,https://firebasestorage.googleapis.com/v0/b/flyreel-media-2020/o/670d4e0d14b78ced7a6dc7d5%2F695b2df15e4f6256291e2a96%2Fc871155b-c925-4aa4-ac85-9a7c37db16d5.jpg?alt=media&token=58cf6b8c-5fdb-4493-9c43-73b225a70261,,
MCT_376,https://firebasestorage.googleapis.com/v0/b/flyreel-media-2020/o/670d4e0d14b78ced7a6dc7d5%2F692e5a14dc0334f69fcc81d3%2F5f3f3f9f-565c-4be8-b1c4-57f915780897.jpg?alt=media&token=aba8f3f8-2594-41f4-bdb8-c815cea7d701,,
MCT_377,https://firebasestorage.googleapis.com/v0/b/flyreel-media-2020/o/670d4e0d14b78ced7a6dc7d5%2F695496277c1a09a3cc2b03c9%2Fbaf90903-bc8b-4622-9bb7-1d9fe19f364f.jpg?alt=media&token=977d9fbb-c1e7-4987-9e39-9ad0869f7946,,
MCT_378,https://firebasestorage.googleapis.com/v0/b/flyreel-media-2020/o/670d4e0d14b78ced7a6dc7d5%2F6957391f7c1a09a3cc395003%2F7dab9bd2-2492-4bd3-8e12-2213509ae71b.jpg?alt=media&token=b5c2f69e-32c6-48dc-8f62-f6160230927c,,
MCT_379,https://firebasestorage.googleapis.com/v0/b/flyreel-media-2020/o/670d4e0d14b78ced7a6dc7d5%2F695c7d4b7c1a09a3cc57d2ca%2F2ce44b18-cfca-4b9e-b838-1356eeed20d3.jpg?alt=media&token=47a573c7-2632-4857-b732-4fd856519bc2,,
MCT_380,https://firebasestorage.googleapis.com/v0/b/flyreel-media-2020/o/670d4e0d14b78ced7a6dc7d5%2F695dcf4a7c1a09a3cc5c06d9%2Fe48ccf17-47c1-486d-bf68-af791c40373f.jpg?alt=media&token=50a4f188-c75c-44e5-a7dd-a08905248353,,
MCT_381,https://firebasestorage.googleapis.com/v0/b/flyreel-media-2020/o/670d4e0d14b78ced7a6dc7d5%2F6955e5047c1a09a3cc373ae1%2F25cbed5f-3e4e-4331-8a6c-d0d888df3f39.jpg?alt=media&token=855b79e6-b105-4d40-8f8d-6aee477858c0,,
MCT_382,https://firebasestorage.googleapis.com/v0/b/flyreel-media-2020/o/670d4e0d14b78ced7a6dc7d5%2F693641167c1a09a3cc93cf93%2F63fdee6c-83f0-4f1c-883e-98efc049281d.jpg?alt=media&token=b1b4c95d-d223-4565-9eb5-4f2d5945cedb,,
MCT_383,https://firebasestorage.googleapis.com/v0/b/flyreel-media-2020/o/670d4e0d14b78ced7a6dc7d5%2F6959d9687c1a09a3cc48084d%2F3726041d-8dd6-4c7c-a143-cd904fb0b4de.jpg?alt=media&token=0267da83-d5d8-4573-b396-7287684a82c2,,
MCT_384,https://firebasestorage.googleapis.com/v0/b/flyreel-media-2020/o/670d4e0d14b78ced7a6dc7d5%2F695496ce5e4f625629f60813%2F695bf303-e498-4bae-a4c3-969c36da111f.jpg?alt=media&token=f4946b2f-8e19-413c-a47e-5a0df6f66b47,,
MCT_385,https://firebasestorage.googleapis.com/v0/b/flyreel-media-2020/o/670d4e0d14b78ced7a6dc7d5%2F695340c55e4f625629e91d04%2F44306de7-3b33-4bba-a3af-810ec306d9e9.jpg?alt=media&token=1ed06619-c2a8-4677-aa6b-3bbb5a1e3608,,
MCT_386,https://firebasestorage.googleapis.com/v0/b/flyreel-media-2020/o/670d4e0d14b78ced7a6dc7d5%2F695494bb7c1a09a3cc2b01d7%2F1a4cc030-6815-47b6-9364-e7c1f2005f52.jpg?alt=media&token=ac67a2ce-ee5c-4c1f-8ed4-0a6435854437,,
MCT_387,https://firebasestorage.googleapis.com/v0/b/flyreel-media-2020/o/670d4e0d14b78ced7a6dc7d5%2F695342077c1a09a3cc268641%2F8cbe15e4-4309-44c8-bd23-8e377979ec39.jpg?alt=media&token=d3f7f5de-f7a6-4ab2-bd80-eb8e36347d18,,
MCT_388,https://firebasestorage.googleapis.com/v0/b/flyreel-media-2020/o/670d4e0d14b78ced7a6dc7d5%2F6951f06e5e4f625629e4eccf%2F8f145404-92a4-4934-9253-1a4ec3015cc3.jpg?alt=media&token=b8772178-929c-43ef-aff0-9ff13c0f6abc,,
MCT_389,https://firebasestorage.googleapis.com/v0/b/flyreel-media-2020/o/670d4e0d14b78ced7a6dc7d5%2F6951f06e5e4f625629e4eccf%2Ffe4ab42a-b23d-4729-9bfa-7068cb8504f1.jpg?alt=media&token=7f9889d6-f8fe-4418-bb6b-83d913396e04,,
MCT_390,https://firebasestorage.googleapis.com/v0/b/flyreel-media-2020/o/670d4e0d14b78ced7a6dc7d5%2F694a06f27c1a09a3ccf6e021%2Fd2ae92c6-8bcf-4890-9123-db361258c65e.jpg?alt=media&token=4dd269e2-108c-45d5-afb6-769acc808678,,
MCT_391,https://firebasestorage.googleapis.com/v0/b/flyreel-media-2020/o/670d4e0d14b78ced7a6dc7d5%2F694b5c017c1a09a3ccfb0ed9%2Faa465ea9-44fd-428a-91f1-8c8b6ce372e1.jpg?alt=media&token=c4c9ca2b-0cb0-43b7-865f-84784f85df73,,
MCT_392,https://firebasestorage.googleapis.com/v0/b/flyreel-media-2020/o/670d4e0d14b78ced7a6dc7d5%2F6949c2705e4f625629b8628d%2F45401717-b0a1-4e19-911f-53f0f4946b90.jpg?alt=media&token=52f9e24a-50ce-41c0-a9b6-ee3beeabf8f9,,
MCT_393,https://firebasestorage.googleapis.com/v0/b/flyreel-media-2020/o/670d4e0d14b78ced7a6dc7d5%2F6949bf6d7c1a09a3ccf5b292%2F8303d39a-91cb-4b83-b4a7-1caa9f70d9fb.jpg?alt=media&token=94cf7c62-9d8c-4b10-a0b4-4d028d09456b,,
MCT_394,https://firebasestorage.googleapis.com/v0/b/flyreel-media-2020/o/670d4e0d14b78ced7a6dc7d5%2F694a09ea5e4f625629b98456%2F420277ae-ba09-4757-b878-226ca05f4d4d.jpg?alt=media&token=8fac15ba-26fe-4bff-ac3d-7537e10108d1,,
MCT_395,https://firebasestorage.googleapis.com/v0/b/flyreel-media-2020/o/670d4e0d14b78ced7a6dc7d5%2F6949c0047c1a09a3ccf5b5aa%2Fcef2f07a-36ee-4bab-9811-84481bdb5718.jpg?alt=media&token=b9e5f1d7-1ba1-44d0-83c6-031da0591828,,
MCT_396,https://firebasestorage.googleapis.com/v0/b/flyreel-media-2020/o/670d4e0d14b78ced7a6dc7d5%2F694220ea7c1a09a3ccbee95e%2F308d4225-0e5b-405d-b719-7363a4f86ce3.jpg?alt=media&token=6722d153-ddb6-407b-8f3b-31bbd5f8ec39,,
MCT_397,https://firebasestorage.googleapis.com/v0/b/flyreel-media-2020/o/670d4e0d14b78ced7a6dc7d5%2F694cab135e4f625629c95ac5%2Fdbbc7603-41a2-4186-98b0-49669ef4ce6c.jpg?alt=media&token=3cb7b95b-0151-46be-9080-10ea65cd7cd9,,
MCT_398,https://firebasestorage.googleapis.com/v0/b/flyreel-media-2020/o/670d4e0d14b78ced7a6dc7d5%2F6949c3135e4f625629b86592%2F856979d4-9db0-4143-927f-f191c95f8d27.jpg?alt=media&token=3adb8bca-6e9e-4bd0-bcf2-24b07e82c45b,,
MCT_399,https://firebasestorage.googleapis.com/v0/b/flyreel-media-2020/o/670d4e0d14b78ced7a6dc7d5%2F69421e5c255a35fda0628a12%2F5ad6fd6a-7536-418b-9b66-a06da2c39d9d.jpg?alt=media&token=eca20681-ccbf-482e-8be3-982b8caeab2d,,
MCT_400,https://firebasestorage.googleapis.com/v0/b/flyreel-media-2020/o/670d4e0d14b78ced7a6dc7d5%2F69436e965e4f6256299668bd%2F737214aa-7b02-4aaf-8c2f-3733cedc1496.jpg?alt=media&token=8ceab369-f77e-4bfa-9a77-e4bbf22c19ff,,
MCT_401,https://firebasestorage.googleapis.com/v0/b/flyreel-media-2020/o/670d4e0d14b78ced7a6dc7d5%2F694372915e4f625629966cc0%2F97a02b0e-c427-4a47-b283-4bb08fe23467.jpg?alt=media&token=7c337f82-809f-4890-a1d5-272d6b00033c,,
MCT_402,https://firebasestorage.googleapis.com/v0/b/flyreel-media-2020/o/670d4e0d14b78ced7a6dc7d5%2F6940cd187c1a09a3ccbab0e5%2Ffb7b9f32-bce0-4002-be01-33e060a5c3ca.jpg?alt=media&token=15882658-4c28-4385-b394-8b814465aea5,,
MCT_403,https://firebasestorage.googleapis.com/v0/b/flyreel-media-2020/o/670d4e0d14b78ced7a6dc7d5%2F693b8667255a35fda02ebebc%2F69e06fdc-8287-48b9-9ab0-33c5979ec2b2.jpg?alt=media&token=30b82892-5dd9-416b-92b2-ce9185fa8419,,
MCT_404,https://firebasestorage.googleapis.com/v0/b/flyreel-media-2020/o/670d4e0d14b78ced7a6dc7d5%2F693e2b937c1a09a3ccab4f1a%2F6ab1118e-1f04-49e5-8b18-5ec12684295c.jpg?alt=media&token=700dfd29-a270-499f-b36f-dc001964e48a,,
MCT_405,https://firebasestorage.googleapis.com/v0/b/flyreel-media-2020/o/670d4e0d14b78ced7a6dc7d5%2F693a35e57c1a09a3cca0d996%2Fcb387fff-5e83-4197-a950-44c3c5f21e18.jpg?alt=media&token=ec848acd-f707-4a0a-a7f4-9e859ae5bb21,,
MCT_406,https://firebasestorage.googleapis.com/v0/b/flyreel-media-2020/o/670d4e0d14b78ced7a6dc7d5%2F693a35e57c1a09a3cca0d996%2Ffda6a4f6-eaf5-4ea6-a696-d2cde727cf7e.jpg?alt=media&token=eda0a6c6-88bb-4569-b335-3690a0a6a5c3,,
MCT_407,https://firebasestorage.googleapis.com/v0/b/flyreel-media-2020/o/670d4e0d14b78ced7a6dc7d5%2F693e2b937c1a09a3ccab4f1a%2F9f04e0c4-5c1c-4c6e-8c2f-417ed93ff9d5.jpg?alt=media&token=a774ec28-dece-4973-86ec-0c5d7f7a5d74,,
MCT_408,https://firebasestorage.googleapis.com/v0/b/flyreel-media-2020/o/670d4e0d14b78ced7a6dc7d5%2F693e28b4255a35fda0466b07%2F44172799-8c7b-4a28-b220-edfe87aea376.jpg?alt=media&token=8a353fda-8b52-4b37-9622-7347bb34e279,,
MCT_409,https://firebasestorage.googleapis.com/v0/b/flyreel-media-2020/o/670d4e0d14b78ced7a6dc7d5%2F6937941c7c1a09a3cc986582%2Ff2edbfb7-7204-4f05-8272-24c205dece02.jpg?alt=media&token=b62304ab-640c-4352-a3e2-1d502fb01ae6,,
MCT_410,https://firebasestorage.googleapis.com/v0/b/flyreel-media-2020/o/670d4e0d14b78ced7a6dc7d5%2F6937941c7c1a09a3cc986582%2Ff3615153-4880-40fe-99f4-9e8db61a89d9.jpg?alt=media&token=9b37b653-dfa5-4e4d-a162-4e782ce1309e,,
MCT_411,https://firebasestorage.googleapis.com/v0/b/flyreel-media-2020/o/670d4e0d14b78ced7a6dc7d5%2F693b85dc7c1a09a3cca4bdbe%2F3b10a59e-3296-4b4c-82e2-3d71dd81a847.jpg?alt=media&token=554e4915-4f6f-42f1-9fd9-32aca9590f1e,,
MCT_412,https://firebasestorage.googleapis.com/v0/b/flyreel-media-2020/o/670d4e0d14b78ced7a6dc7d5%2F693e2a93255a35fda0466c07%2F032ea84c-0987-4134-8336-1a03382dbdb4.jpg?alt=media&token=3c31bf8e-6b71-4880-bae8-5186062cae43,,
MCT_413,https://firebasestorage.googleapis.com/v0/b/flyreel-media-2020/o/670d4e0d14b78ced7a6dc7d5%2F69324ab618f654caa1916cc0%2Ff0fc65e2-e6a8-4497-9624-6e0a7f13d394.jpg?alt=media&token=68f1ef1e-8e0c-4922-aed7-5285ef3feb45,,
MCT_414,https://firebasestorage.googleapis.com/v0/b/flyreel-media-2020/o/670d4e0d14b78ced7a6dc7d5%2F692e57d9dc0334f69fcc7fc5%2F44dbec6c-464a-47a0-846d-2dea3de3d22e.jpg?alt=media&token=0af674b0-a458-4039-8630-7429a40d2152,,
MCT_415,https://firebasestorage.googleapis.com/v0/b/flyreel-media-2020/o/670d4e0d14b78ced7a6dc7d5%2F693b8536255a35fda02ebd88%2Ff3ff324a-4d35-44a7-9b2e-48a1e83760ed.jpg?alt=media&token=6a9f99d1-01e7-442a-bbd1-67a3c54cdac8,,
MCT_416,https://firebasestorage.googleapis.com/v0/b/flyreel-media-2020/o/670d4e0d14b78ced7a6dc7d5%2F69324aefcd35183ef2662cf3%2F54a6c290-1782-4e9f-b2c7-699ebc2c9604.jpg?alt=media&token=0da17342-57b8-4a0c-a621-6a2734365bc2,,
MCT_417,https://firebasestorage.googleapis.com/v0/b/flyreel-media-2020/o/670d4e0d14b78ced7a6dc7d5%2F691549b445f187e4c88b682a%2Fcb497923-cc2c-468f-8ad3-686a8c4c2e5c.jpg?alt=media&token=a852e160-6d4d-40ef-a6fa-404498ae45d6,,
MCT_418,https://firebasestorage.googleapis.com/v0/b/flyreel-media-2020/o/670d4e0d14b78ced7a6dc7d5%2F69267146dc0334f69fa85506%2Fd6dcbe2e-a37e-4a8a-b546-1c9f6389761f.jpg?alt=media&token=e205506c-f309-4252-b90a-12ca44aa7201,,
MCT_419,https://firebasestorage.googleapis.com/v0/b/flyreel-media-2020/o/670d4e0d14b78ced7a6dc7d5%2F69267054dc0334f69fa85488%2F84239ceb-713d-46aa-8ed4-328b57ed1b63.jpg?alt=media&token=0ca147a5-c71d-494c-8881-c04a74dc5fcb,,
MCT_420,https://firebasestorage.googleapis.com/v0/b/flyreel-media-2020/o/670d4e0d14b78ced7a6dc7d5%2F69267054dc0334f69fa85488%2F9ab49d86-c0b3-4fbc-b84c-4dcd7506330b.jpg?alt=media&token=8910b9ff-b25f-40e0-89d9-d7ac53161315,,
MCT_421,https://firebasestorage.googleapis.com/v0/b/flyreel-media-2020/o/670d4e0d14b78ced7a6dc7d5%2F69266f5bdc0334f69fa853db%2F69a21124-d570-4d32-b270-55c6a10bff00.jpg?alt=media&token=2b6c91f2-92e4-47bb-9dde-11c56adbf3c6,,
MCT_422,https://firebasestorage.googleapis.com/v0/b/flyreel-media-2020/o/670d4e0d14b78ced7a6dc7d5%2F692a62f0dc0334f69fb9c80e%2F992f7dfc-c092-43f1-b7be-66cbd77def75.jpg?alt=media&token=ab699fef-323a-4f73-b411-84e54f5e18ad,,
MCT_423,https://firebasestorage.googleapis.com/v0/b/flyreel-media-2020/o/670d4e0d14b78ced7a6dc7d5%2F69212fd445f187e4c8c64a1c%2Fe1bc2ad5-7873-4700-8ce3-ec46197613bd.jpg?alt=media&token=cc588def-57aa-4ef2-b769-371507e1098b,,
MCT_424,https://firebasestorage.googleapis.com/v0/b/flyreel-media-2020/o/670d4e0d14b78ced7a6dc7d5%2F6923cb30dc0334f69f964bd4%2F7125cd67-e9e2-4284-980f-a175872c5712.jpg?alt=media&token=d746f4d7-2e88-4c8e-ba5e-31cb89848db1,,
MCT_425,https://firebasestorage.googleapis.com/v0/b/flyreel-media-2020/o/670d4e0d14b78ced7a6dc7d5%2F69228165dc0334f69f92d1c6%2Fd7910989-212e-4496-80b3-767911a9db0b.jpg?alt=media&token=cbf32d1b-4b4c-4647-a129-92b2aa983c15,,
MCT_426,https://firebasestorage.googleapis.com/v0/b/flyreel-media-2020/o/670d4e0d14b78ced7a6dc7d5%2F69227d08dc0334f69f92ce20%2F37615ab9-36c4-4186-9b36-6867333d6867.jpg?alt=media&token=2476db60-bb6f-4b0c-aaf9-536596e4d2b0,,
MCT_427,https://firebasestorage.googleapis.com/v0/b/flyreel-media-2020/o/670d4e0d14b78ced7a6dc7d5%2F692129dbdc0334f69f8f75bd%2F97e1f9ef-912c-4662-8a17-4dabcf6328c9.jpg?alt=media&token=79620713-2a13-4ebd-a786-d10fd37522dc,,
MCT_428,https://firebasestorage.googleapis.com/v0/b/flyreel-media-2020/o/670d4e0d14b78ced7a6dc7d5%2F692a642345f187e4c8f08c2b%2Fa5816703-123c-49a2-8a09-8f39bac659e3.jpg?alt=media&token=513cafdb-5f79-4af0-b58c-231ce327c3a5,,
MCT_429,https://firebasestorage.googleapis.com/v0/b/flyreel-media-2020/o/670d4e0d14b78ced7a6dc7d5%2F692a642345f187e4c8f08c2b%2Fa00b3b4d-f2f2-4cd7-b9b4-66cf8f87f3cb.jpg?alt=media&token=68126e39-32fe-42b0-979b-aab1ec9339e1,,
MCT_430,https://firebasestorage.googleapis.com/v0/b/flyreel-media-2020/o/670d4e0d14b78ced7a6dc7d5%2F691fd5b5dc0334f69f8b69b3%2Fe162adee-9028-486b-bd09-d9382ae9b3a1.jpg?alt=media&token=f7600689-5955-48e5-810d-da099870a58a,,
MCT_431,https://firebasestorage.googleapis.com/v0/b/flyreel-media-2020/o/670d4e0d14b78ced7a6dc7d5%2F691e843745f187e4c8bef8df%2F28a6888c-5a30-4d87-9640-89214602237f.jpg?alt=media&token=68c96b3e-2a08-4250-8c35-b0412e1a8a85,,
MCT_432,https://firebasestorage.googleapis.com/v0/b/flyreel-media-2020/o/670d4e0d14b78ced7a6dc7d5%2F69212b7f45f187e4c8c6446d%2Fbd2c7da0-954d-407b-8739-9f879841ec90.jpg?alt=media&token=db6595f4-e402-4b82-9e20-43af9eb8f693,,
MCT_433,https://firebasestorage.googleapis.com/v0/b/flyreel-media-2020/o/670d4e0d14b78ced7a6dc7d5%2F691a903c45f187e4c8aa9c47%2F23dfde0d-fd74-4c02-a099-175a75041c38.jpg?alt=media&token=09fd1d1d-62ae-4994-9b71-8662aed73e22,,
MCT_434,https://firebasestorage.googleapis.com/v0/b/flyreel-media-2020/o/670d4e0d14b78ced7a6dc7d5%2F691be2af45f187e4c8b76286%2Fa63c8229-6d85-483d-baac-d992a9df042c.jpg?alt=media&token=88d50abe-9794-4c04-94e3-7cd352b78afe,,
MCT_435,https://firebasestorage.googleapis.com/v0/b/flyreel-media-2020/o/670d4e0d14b78ced7a6dc7d5%2F69227c9bdc0334f69f92cdd2%2F0d4cf215-b45b-48bd-b63d-e9ada5ef6334.jpg?alt=media&token=d45c879c-4544-427f-93b4-86de898c1b0f,,
MCT_436,https://firebasestorage.googleapis.com/v0/b/flyreel-media-2020/o/670d4e0d14b78ced7a6dc7d5%2F69212ce745f187e4c8c64625%2Fca311f7f-cfc2-40c4-833e-c5d47ecd39b4.jpg?alt=media&token=512b6876-4117-4198-ae44-4a98ae0c3dc4,,
MCT_437,https://firebasestorage.googleapis.com/v0/b/flyreel-media-2020/o/670d4e0d14b78ced7a6dc7d5%2F692132c145f187e4c8c64db4%2Fc2bae27d-769d-4166-98ae-6aed31827b19.jpg?alt=media&token=7c860fe7-fae3-40fc-a1a9-ea8f2d3e1b1d,,
MCT_438,https://firebasestorage.googleapis.com/v0/b/flyreel-media-2020/o/670d4e0d14b78ced7a6dc7d5%2F6921273745f187e4c8c63e5f%2F6eee14bf-ceeb-4a57-80b7-bcbb53adf755.jpg?alt=media&token=1ff0d66a-68d8-479f-a28c-d6f875e61e37,,
MCT_439,https://firebasestorage.googleapis.com/v0/b/flyreel-media-2020/o/670d4e0d14b78ced7a6dc7d5%2F692133b345f187e4c8c64ea0%2F440024da-bc53-4549-9803-1d6e2cfe98db.jpg?alt=media&token=eaf7449c-46d0-466d-8ee6-5ad0d94facf9,,
MCT_440,https://firebasestorage.googleapis.com/v0/b/flyreel-media-2020/o/670d4e0d14b78ced7a6dc7d5%2F691d35dbdc0334f69f7c4e2a%2Fe0a49770-6b8f-46f6-8874-c521d1b8d24a.jpg?alt=media&token=49295de0-8786-48f8-8492-070a96bfec67,,
MCT_441,https://firebasestorage.googleapis.com/v0/b/flyreel-media-2020/o/670d4e0d14b78ced7a6dc7d5%2F69154ccfdc0334f69f54b6bd%2F9def40e2-616c-4c76-bc61-1a983d1f0501.jpg?alt=media&token=acd368ed-f696-41da-94dd-276ccc7f8622,,
MCT_442,https://firebasestorage.googleapis.com/v0/b/flyreel-media-2020/o/670d4e0d14b78ced7a6dc7d5%2F69169ceb45f187e4c8977a44%2F30cec015-8b0b-4ae8-9200-cef0840dd30d.jpg?alt=media&token=b625eb09-dd7f-4def-8364-47ee62470b21,,
MCT_443,https://firebasestorage.googleapis.com/v0/b/flyreel-media-2020/o/670d4e0d14b78ced7a6dc7d5%2F6913fa1b45f187e4c87ecaef%2Fadad0bfc-2d30-4656-9403-30180f8e32fd.jpg?alt=media&token=ec9c90e4-92d9-4a9c-8ee1-6a23d285f674,,
MCT_444,https://firebasestorage.googleapis.com/v0/b/flyreel-media-2020/o/670d4e0d14b78ced7a6dc7d5%2F690c10731cf683bcd3e10111%2F8031a3a1-d21b-44dc-bf87-8f3a16bb6be0.jpg?alt=media&token=4b74de87-0621-48a6-8bf5-6805372b4080,,
MCT_445,https://firebasestorage.googleapis.com/v0/b/flyreel-media-2020/o/670d4e0d14b78ced7a6dc7d5%2F69169f3edc0334f69f5872a3%2Fd2dea271-50e3-4154-89e0-e8aaaa7fb51a.jpg?alt=media&token=c4ea9afb-55a6-4d81-863a-c0a2039463b2,,
MCT_446,https://firebasestorage.googleapis.com/v0/b/flyreel-media-2020/o/670d4e0d14b78ced7a6dc7d5%2F69081ab51cf683bcd3c3063e%2F7c01242c-5712-48eb-bebe-3e57d8b33bc0.jpg?alt=media&token=91e6cc0d-1241-4a57-9850-f13ec8cfa6ac,,
MCT_447,https://firebasestorage.googleapis.com/v0/b/flyreel-media-2020/o/670d4e0d14b78ced7a6dc7d5%2F6912a848dc0334f69f4bc9eb%2F317bd553-845c-44c8-a709-4e935ffed12a.jpg?alt=media&token=d48c54b8-4e18-4651-aa09-fb76d89a5aa1,,
MCT_448,https://firebasestorage.googleapis.com/v0/b/flyreel-media-2020/o/670d4e0d14b78ced7a6dc7d5%2F69041825c51391b11f0f39a7%2F2edf21a8-b8dc-4198-915c-8fad6f32e027.jpg?alt=media&token=140d2d80-5788-4dfc-8953-2cd3594f17fa,,
MCT_449,https://firebasestorage.googleapis.com/v0/b/flyreel-media-2020/o/670d4e0d14b78ced7a6dc7d5%2F69056b524e7c0b5f89000d8e%2Fdfddd05b-c761-4fdd-96d9-cc158090f938.jpg?alt=media&token=4ce18b33-bcd0-4d8f-bed8-422aa58aa92c,,
MCT_450,https://firebasestorage.googleapis.com/v0/b/flyreel-media-2020/o/670d4e0d14b78ced7a6dc7d5%2F690176821cf683bcd396a892%2Fbd99649f-6f31-4e3c-b79e-aa2a94fb7ac0.jpg?alt=media&token=fdb12c8a-d7b5-467f-bab1-bab3d7e94d5f,,
MCT_451,https://firebasestorage.googleapis.com/v0/b/flyreel-media-2020/o/670d4e0d14b78ced7a6dc7d5%2F68fed43c6361e411482c492d%2F7ccba98c-a379-47db-90f3-e57796142e4c.jpg?alt=media&token=3836d5fa-6795-4f57-91c3-c0d2b89060dd,,
MCT_452,https://firebasestorage.googleapis.com/v0/b/flyreel-media-2020/o/670d4e0d14b78ced7a6dc7d5%2F68e9bbdcb96da392f018ce3a%2F355f38a8-4476-40ab-9a37-23b81248e1bb.jpg?alt=media&token=f864b4d8-2a97-41dd-993e-a151544f0370,,
MCT_453,https://firebasestorage.googleapis.com/v0/b/flyreel-media-2020/o/670d4e0d14b78ced7a6dc7d5%2F68fc30116361e411481e7d2d%2Fa43f975f-320a-4a7c-b51f-687c80b9e22e.jpg?alt=media&token=f6a2fb42-1b43-4b56-aa7a-390d34e814c3,,
MCT_454,https://firebasestorage.googleapis.com/v0/b/flyreel-media-2020/o/670d4e0d14b78ced7a6dc7d5%2F68fd81f20f7547d5942d1fcf%2F0f9b27d9-4f7b-45bd-9094-6d0720193ffe.jpg?alt=media&token=9f3a550c-4e72-43f1-980c-e458efbfba92,,
MCT_455,https://firebasestorage.googleapis.com/v0/b/flyreel-media-2020/o/670d4e0d14b78ced7a6dc7d5%2F68e07ff6f45cdfdbd159a826%2F7dd7d269-cbe8-41e0-bce9-4c837070ce01.jpg?alt=media&token=055d253d-1787-4025-8aec-08eda0b3735e,,
MCT_456,https://firebasestorage.googleapis.com/v0/b/flyreel-media-2020/o/670d4e0d14b78ced7a6dc7d5%2F68d20328252e73c84baeb989%2F1c4e28e5-5ab9-4291-9d07-98de1e9fdba2.jpg?alt=media&token=535d171b-9fe4-4b88-8288-99099aad41da,,
MCT_457,https://firebasestorage.googleapis.com/v0/b/flyreel-media-2020/o/670d4e0d14b78ced7a6dc7d5%2F68fa1f730f7547d594120296%2F6d075db3-d8c5-48bc-bac3-80508776d790.jpg?alt=media&token=3e61623c-8e09-43ef-9a6e-9afbd0899af9,,
MCT_458,https://firebasestorage.googleapis.com/v0/b/flyreel-media-2020/o/670d4e0d14b78ced7a6dc7d5%2F68f83da5e079bdb6cf807454%2Fa1abb67f-26be-4507-a53b-50dd7dfd6728.jpg?alt=media&token=789638ab-d47b-47db-a4dc-bad05ae26bd7,,
MCT_459,https://firebasestorage.googleapis.com/v0/b/flyreel-media-2020/o/670d4e0d14b78ced7a6dc7d5%2F69002589bd145923e8a56010%2F5e59f339-b112-4f64-9305-d93251b05a02.jpg?alt=media&token=3ec087c9-8539-46de-bb00-6d36b5ac36d7,,
MCT_460,https://firebasestorage.googleapis.com/v0/b/flyreel-media-2020/o/670d4e0d14b78ced7a6dc7d5%2F68f6eb605be142aa405a50f8%2F870049a3-7482-41e7-9d8e-db30a592f093.jpg?alt=media&token=a6eccc2a-1ead-4490-99f6-34ce5328bc98,,
MCT_461,https://firebasestorage.googleapis.com/v0/b/flyreel-media-2020/o/670d4e0d14b78ced7a6dc7d5%2F68f59acee079bdb6cf775477%2F9840a3ec-ce44-4f33-90a6-970832723a27.jpg?alt=media&token=f3901888-6d6e-4a8c-966f-5a8073913aab,,
MCT_462,https://firebasestorage.googleapis.com/v0/b/flyreel-media-2020/o/670d4e0d14b78ced7a6dc7d5%2F68f2f767e079bdb6cf6946e6%2F49a48aef-ec68-428b-ba8c-00b7e2d398de.jpg?alt=media&token=62c74ebf-8141-4743-a1bf-0ff46b43e4b6,,
MCT_463,https://firebasestorage.googleapis.com/v0/b/flyreel-media-2020/o/670d4e0d14b78ced7a6dc7d5%2F68f051a5e079bdb6cf6150a8%2F56fc04e4-aee4-4269-9aa8-13d5529b0321.jpg?alt=media&token=d6f03172-c30e-4d91-83d0-fc9a546149dc,,
MCT_464,https://firebasestorage.googleapis.com/v0/b/flyreel-media-2020/o/670d4e0d14b78ced7a6dc7d5%2F68edaea4b96da392f02ae7ef%2F4c1b820e-51ed-48a3-a432-5259d56b9c66.jpg?alt=media&token=efdb8b90-f691-4302-9c20-98d5b92db8c0,,
MCT_465,https://firebasestorage.googleapis.com/v0/b/flyreel-media-2020/o/670d4e0d14b78ced7a6dc7d5%2F68f5994ce079bdb6cf775084%2F48acd5a5-7225-40dd-9001-1908655d83fd.jpg?alt=media&token=4289a12d-c231-4887-893e-836a56822da8,,
MCT_466,https://firebasestorage.googleapis.com/v0/b/flyreel-media-2020/o/5e7a9922f6719c0011c4203b%2F68e9166eb96da392f015b02a%2F48b4ab87-7813-4ccc-b314-d39937b0a6cf.jpg?alt=media&token=878c772a-c722-4a09-bf82-8c8b9b897f6e,,
MCT_467,https://firebasestorage.googleapis.com/v0/b/flyreel-media-2020/o/670d4e0d14b78ced7a6dc7d5%2F68f4471b5be142aa4052c378%2Fd0484559-9820-4f48-a60e-d7d8367ed371.jpg?alt=media&token=f523cb29-e8f9-44e0-a275-d1e4c17b1dc4,,
MCT_468,https://firebasestorage.googleapis.com/v0/b/flyreel-media-2020/o/670d4e0d14b78ced7a6dc7d5%2F68ec60026f06f8c2a87805f6%2F79521bc0-9e28-4d23-ba8d-f80bf069aed2.jpg?alt=media&token=8917e7bd-068d-4589-a360-5f9a567d7d60,,
MCT_469,https://firebasestorage.googleapis.com/v0/b/flyreel-media-2020/o/670d4e0d14b78ced7a6dc7d5%2F68e8693bf45cdfdbd18aad95%2F4a67ae05-b7c1-4618-b5de-eb7712a18e52.jpg?alt=media&token=08e7cc61-fa5c-487d-9c9a-4fafcb5624b3,,
MCT_470,https://firebasestorage.googleapis.com/v0/b/flyreel-media-2020/o/670d4e0d14b78ced7a6dc7d5%2F68e869d06dc1a34e59dd81f2%2F9dd428a1-d457-487a-8005-b1d183c516bc.jpg?alt=media&token=87353284-4ed1-47d6-99bc-abb3d6f2074e,,
MCT_471,https://firebasestorage.googleapis.com/v0/b/flyreel-media-2020/o/63a4a6a9dd6a56b58432b4d9%2F68e59046f45cdfdbd1793be0%2F384e1023-cb4f-41d9-a1d9-9c5325fa4671.jpg?alt=media&token=4d35d270-30a4-4fed-ae39-c7e4c7603e58,,
MCT_472,https://firebasestorage.googleapis.com/v0/b/flyreel-media-2020/o/64e76c11aae4065493e31613%2F68e7d45d6dc1a34e59da3fba%2F6d322fbc-bf7b-4501-8497-5467686f8113.jpg?alt=media&token=6a23ec5f-ed85-449e-84be-dc586e649d99,,
MCT_473,https://firebasestorage.googleapis.com/v0/b/flyreel-media-2020/o/670d4e0d14b78ced7a6dc7d5%2F68e719b76dc1a34e59d156b9%2F4788a659-8be7-4a1c-80d1-34cc985c405f.jpg?alt=media&token=5306928a-9418-4c2b-99a3-e1fd132dfba8,,